[
  {
    "deviceId": "123abc",
    "deviceType": "DATA",
    "data": "233",
    "command": "ON"
  },
  {
    "deviceId": "123abcs",
    "deviceType": "DAT",
    "data": "234"
  },
  {
    "deviceId": "abc123",
    "deviceType": "data",
    "data": "234"
  },
  {
    "deviceId": "abc1234",
    "deviceType": "data"
  },
  {
    "deviceId": "abc23",
    "deviceType": "data"
  },
  {
    "deviceId": "1231abc",
    "deviceType": "data"
  },
  {
    "deviceId": "device1",
    "deviceType": "temoerature"
  },
  {
    "deviceId": "123abcw",
    "deviceType": "d"
  }
]